"conversation_id_str","created_at","favorite_count","full_text","id_str","image_url","in_reply_to_screen_name","lang","location","quote_count","reply_count","retweet_count","tweet_url","user_id_str","username"
"1868640254267208159","Mon Dec 16 12:52:08 +0000 2024","0","nesa! Ada yg mau bantuin aku vote video promosi buat studi independen? Reply ya nanti aku pc kalo mau nanti mau barter jg gpp","1868640254267208159","","","in","UNESA KAMPUS 3","0","2","0","https://x.com/unesa_fess/status/1868640254267208159","1650147576577134592","unesa_fess"
"1868612519381606675","Mon Dec 16 11:01:56 +0000 2024","6","ada yang pernah lolos studi independen? aku mau tanya¬≤ hehe nesa!","1868612519381606675","","","in","UNESA KAMPUS 3","0","4","0","https://x.com/unesa_fess/status/1868612519381606675","1650147576577134592","unesa_fess"
"1868589523577573646","Mon Dec 16 09:51:37 +0000 2024","0","@keishadieyoung km mau kontak anak 21 yg pas sem 6 ambil wirausaha/ studi independen (?) at the same time gak beb","1868594825618223508","","keishadieyoung","in","","0","1","0","https://x.com/ayeT___T/status/1868594825618223508","1059837510665232384","ayeT___T"
"1868587104525299836","Mon Dec 16 09:21:06 +0000 2024","0","Acara ini turut melibatkan mahasiswa Magang dan Studi Independen Bersertifikat (MSIB) Batch 7 yang berperan aktif dalam perencanaan dan pelaksanaan acara.","1868587145759539552","","StudioPFN","in","Jakarta, Indonesia","0","1","0","https://x.com/StudioPFN/status/1868587145759539552","1667761592","StudioPFN"
"1868587104525299836","Mon Dec 16 09:20:57 +0000 2024","0","PFN Bersama Mahasiswa Magang dan Studi Independen Bersertifikat (MSIB) Menggelar Acara Ephemeral: Screening &amp; Exhibition https://t.co/Na1RP1Al2c","1868587104525299836","https://pbs.twimg.com/media/Ge6OEBya8AACCWe.jpg","","in","Jakarta, Indonesia","0","1","0","https://x.com/StudioPFN/status/1868587104525299836","1667761592","StudioPFN"
"1867349919021060201","Thu Dec 12 23:24:49 +0000 2024","1","Vingkan Chainur Hanna Magang di PT Bayer Indonesia #PTbayer #ptbayerindonesia #magang #msib #pertanian #faperta #agroteknologi #uwks #universitaswijayakusumasurabaya #PTS #PTN #Surabaya #jawatimur #seed #benih #teknologipertanian #mahasiswa #studi #independen #fp #dukuhkupang https://t.co/DJZxHuHmYx","1867349919021060201","https://pbs.twimg.com/media/Geoo2tObsAMnXlr.jpg","","in","Surabaya","0","0","0","https://x.com/Agroteknologiwk/status/1867349919021060201","1632985839922978817","Agroteknologiwk"
"1866484847109435508","Tue Dec 10 14:07:19 +0000 2024","0","studi independen benar benar rill independen sampe mau nanya orang lain bingung pertanyaan mana dulu yang harus ditanyakan","1866484847109435508","","","in","","0","0","0","https://x.com/sound_of_jeha/status/1866484847109435508","1472563555014615040","sound_of_jeha"
"1866091704698220580","Tue Dec 10 12:19:09 +0000 2024","0","@worksfess Valuable banget kok nder karena studi independen kan ngerjain project. Bagus lagi kalau projectnya dibikin portofolio.","1866457624600056201","","worksfess","in","","0","0","0","https://x.com/anotherofuci/status/1866457624600056201","1732424659935621120","anotherofuci"
"1866347199560560940","Tue Dec 10 05:00:22 +0000 2024","0","[ANNOUNCEMENT : INFO SESSION PRE-REGISTRASI KAMPUS MERDEKA BATCH 8 INFINITE LEARNING] Hallo Wamen! Ada informasi penting terkait Info Session/Sosialisasi terkait Program Kampus Merdeka Batch 8 di Infinite Learning (Studi Independen dan Magang). https://t.co/oBnBiND77o","1866347199560560940","https://pbs.twimg.com/media/GeaY4rWawAAV-n7.jpg","","in","Purwokerto, Jateng, Indonesia","0","1","0","https://x.com/hmjmfebunsoed/status/1866347199560560940","153298870","hmjmfebunsoed"
"1866339461048738126","Tue Dec 10 04:57:59 +0000 2024","0","@jjayliey Hai Sobat BRI. Mohon maaf atas ketidaknyamanan yang dialami. Kami informasikan untuk pengecekan status pencairan dan pengiriman dana program Magang dan Studi Independen Bersertifikat (MSIB) dapat konfirmasi secara langsung kepada pihak penyelenggara ya. BRI hanya sebagai","1866346602010480751","","jjayliey","in","Jl Jend Sudirman 44-46 Jakarta","0","0","0","https://x.com/BANKBRI_ID/status/1866346602010480751","1355939492","BANKBRI_ID"
"1866091704698220580","Mon Dec 09 15:50:29 +0000 2024","0","@worksfess aku nyantumin studi independen di cv padahal mitranya ga jelas. Alhamdulillah masih bisa dapet kerja wkwkw","1866148421238989118","","worksfess","in","","0","0","0","https://x.com/Akhmadmif20/status/1866148421238989118","1814972025037086720","Akhmadmif20"
"1866112220897464554","Mon Dec 09 13:26:38 +0000 2024","0","Ada anak manajemen satu projek di studi independen sama gue tapi anaknya gapaham jam jam gaboleh ngehubungin orang lain. Selain itu anak manajemen itu gapaham tuh namanya manajemen resiko studi kelayakan bisnis foroecasting dan business financing kaya roa roe bep pbp.","1866112220897464554","","","in","","0","0","0","https://x.com/ituadori/status/1866112220897464554","3058831832","ituadori"
"1866091704698220580","Mon Dec 09 13:24:43 +0000 2024","0","@worksfess waktu daftar intern aku masukin studi independen ke bagian experience di cv ku sih..","1866111739101888572","","worksfess","in","","0","0","0","https://x.com/gvuily/status/1866111739101888572","876604150880104450","gvuily"
"1866091704698220580","Mon Dec 09 12:09:13 +0000 2024","0","@worksfess Kalau studi independen yg cuma belajar dan mantengin bootcamp gitu sih nggak nder. Pengalaman kerja di studi independen itu... gimana?","1866092738300772466","","worksfess","in","","0","0","0","https://x.com/plie1st/status/1866092738300772466","1751569237863501824","plie1st"
"1866091704698220580","Mon Dec 09 12:05:07 +0000 2024","5","work! MSIB itu setara sama pengalaman magang gak sih? valuable gak ya buat pertimbangan HR? karena aku pengalaman kerja cuma ada studi independen MSIB doang :(","1866091704698220580","","","in","","0","7","0","https://x.com/worksfess/status/1866091704698220580","1244597361826885636","worksfess"
"1866078148502450631","Mon Dec 09 11:13:40 +0000 2024","0","ni mahasiswamu udah stressed grgr finpro studi independen belom ngisi logbook buat laporan akhir presentasi dpl projek uas matkul dan sek mbok tambah nggae muri muri an apalah itu","1866078756970143928","","failuremoon_","in","The Upside Down","0","0","0","https://x.com/failuremoon_/status/1866078756970143928","1254576945536233474","failuremoon_"
"1865055207828394453","Fri Dec 06 15:26:27 +0000 2024","0","studi terlalu independen","1865055207828394453","","","in","","0","0","0","https://x.com/nandizhaa/status/1865055207828394453","1298433318283653121","nandizhaa"
"1864640016951201802","Thu Dec 05 11:56:38 +0000 2024","0","yuk yang mau barter like&amp;follow minta tolong bantuannya buat like dan follow tugas buat studi independen msib like follow tiktok tiktok: https://t.co/QqS4biIbRl klik website aja biar datanya masuk di google analytics website: https://t.co/mPNpMvBAXV","1864640016951201802","","","in","","0","2","0","https://x.com/cam_ilaa12/status/1864640016951201802","1405094006","cam_ilaa12"
"1864623855740092450","Thu Dec 05 10:52:24 +0000 2024","0","ada yang mau follow like klik Instagram tiktok facebook sama website ku gak ya buat tugas studi independen msib yang mau barter juga boleh","1864623855740092450","","","in","","0","3","0","https://x.com/cam_ilaa12/status/1864623855740092450","1405094006","cam_ilaa12"
"1864580877440962698","Thu Dec 05 08:01:38 +0000 2024","0","Hallo guys boleh minta bantuannya untuk follow akun @/tangsel_smartcity on ig untuk penugasan studi independen kelompokku bakal di bales dengan follback 3 akun boleh komen username akun kalian ya tag tangsel moots mootsig https://t.co/R0RUsjbRn1","1864580877440962698","https://pbs.twimg.com/media/GeBSa-ba0AABcSi.jpg","","in","Indonesia","0","0","0","https://x.com/accapinky/status/1864580877440962698","1750893724035629056","accapinky"
"1864347388376391963","Wed Dec 04 18:21:36 +0000 2024","0","@adoresungsun owalaa malah jauh banget yaa ternyata sama konsep dari fakultas aku malah dari fakultas aku itu jarang untuk di acc ikut studi independen dsb harus ikutin alur fakultas hikss banyak minus plusnya ternyata ka:(","1864374511803760878","","adoresungsun","in","19 ","0","1","0","https://x.com/hoonce23/status/1864374511803760878","1343665291255894016","hoonce23"
"1864347388376391963","Wed Dec 04 17:57:26 +0000 2024","0","@hoonce23 iya karena prodiku emang gak ada sih. kita adanya studi independen. jujur juga gak tau alasannya kenapa gak ada. kemarin aku magang terus sekarang TA sama studi independen","1864368428833993155","","hoonce23","in","03 ‚Ä¢ SHE/HER ","0","1","0","https://x.com/adoresungsun/status/1864368428833993155","1277022735726571520","adoresungsun"
"1864273497653998079","Wed Dec 04 16:52:24 +0000 2024","1","@uredaffodil @worksfess Gratis kak aku ikut studi independen","1864352065180586310","","uredaffodil","in","","0","1","0","https://x.com/hmapayas/status/1864352065180586310","3241977962","hmapayas"
"1864293929694421288","Wed Dec 04 13:01:24 +0000 2024","4","UH! halo kakak-kakak ada yang pernah ikut studi independen? bagaimana caranya ikut bgtuan dan apa prosedurnya makasii sebelumnya kakak-kakak","1864293929694421288","","","in","","0","1","0","https://x.com/unhasfess_/status/1864293929694421288","1575645784489402368","unhasfess_"
"1863956052309655596","Tue Dec 03 14:38:48 +0000 2024","0","sampe trauma sama salak hampir 2 bulan wkwk pdhl itu buah favoritku kebanyakan motong &amp; belah salak soalnya. sisanya misah-misahin keripik buah yg baru mateng dr penggorengan vakum gak digaji 08.00-16.00 tapi bisa izin ikut kelas (waktu itu sambil studi independen)","1863956052309655596","","","in","‚Äîkymhk ü©∑üñ§","0","0","0","https://x.com/kyomobabes/status/1863956052309655596","1471173605224591362","kyomobabes"
"1863955441220534693","Tue Dec 03 14:36:22 +0000 2024","0","sampe trauma sama salak hampir 2 bulan wkwk pdhl itu buah favoritku kebanyakan motong &amp; belah salak. sisanya misah-misahin keripik buah yg baru mateng dr penggorengan vakum gak digaji 08.00-16.00 tapi bisa izin ikut kelas (waktu itu sambil studi independen)","1863955441220534693","","","in","‚Äîkymhk ü©∑üñ§","0","0","0","https://x.com/kyomobabes/status/1863955441220534693","1471173605224591362","kyomobabes"
"1863935352983241171","Tue Dec 03 13:16:33 +0000 2024","0","klo masalah konversi sks gini udh nimbun banyak wkwkwk Studi independen 20 sks magang 20 sks lumayan bgtt si buat naikin ipk tp buat apa ipk bagus tapi otaknya kosong :' https://t.co/PoXTkT0RcE","1863935352983241171","https://pbs.twimg.com/media/Gd4HD8caYAADZ0T.jpg","","in","","0","1","0","https://x.com/riyusmind/status/1863935352983241171","1706187405202792448","riyusmind"
"1863852619384426750","Tue Dec 03 08:49:23 +0000 2024","0","@unesa_fess ada juga yg KKN kalo ga Studi Independen di smt6 di smt 7 baru balik kampus","1863868120089399807","","unesa_fess","in","","0","0","0","https://x.com/bocilfunky1/status/1863868120089399807","1243769624077844480","bocilfunky1"
"1863602986033049976","Mon Dec 02 15:15:50 +0000 2024","0","morat marit bener dah ini studi independen","1863602986033049976","","","in","","0","0","0","https://x.com/vhcza/status/1863602986033049976","735962974918217728","vhcza"
"1863395294806982750","Mon Dec 02 01:46:14 +0000 2024","0","@odetothemess Hai Sobat BRI. Kami informasikan untuk pengecekan status pencairan dan pengiriman dana program Magang dan Studi Independen Bersertifikat (MSIB) dapat konfirmasi secara langsung kepada pihak penyelenggara ya. BRI hanya sebagai penyalur dana apabila dan sudah dicairkan maka dana","1863399244045979845","","odetothemess","in","Jl Jend Sudirman 44-46 Jakarta","0","1","0","https://x.com/BANKBRI_ID/status/1863399244045979845","1355939492","BANKBRI_ID"
"1863131478554796265","Sun Dec 01 11:00:21 +0000 2024","0","@zikhtiar1 @DivHumas_Polri Surveynya bayaran dan tekanan jelas terbuka semua rakyat tidak puas kinerja polisi kita studi lembaga i independen saja tempatkan polisi paling korup adalah polisi indo","1863176305107411420","","zikhtiar1","in","Babakan Ciparay, Indonesia","0","0","0","https://x.com/OktavianaAnton/status/1863176305107411420","1155129030024105985","OktavianaAnton"
"1863085697948660116","Sun Dec 01 05:00:19 +0000 2024","2"," Hallo. Aku boleh minta tolonng untuk follow akun √¨nstagram dan tikt√¥k project akhir studi independen. Nanti link nya aku taro di reply. Terimakasih https://t.co/blejBGqJV3","1863085697948660116","https://pbs.twimg.com/media/GdsCkX7W8AA_p2_.jpg","","in","Indonesia","0","2","0","https://x.com/tanyarlfes/status/1863085697948660116","1371650588","tanyarlfes"
"1862897379357385158","Sat Nov 30 16:32:00 +0000 2024","0","it's ok. aku bahkan baru mulai skripsian di semester 9 dulu semester 8 baru PKL + studi independen","1862897379357385158","","","in","‚Äîkymhk ü©∑üñ§","0","0","0","https://x.com/kyomobabes/status/1862897379357385158","1471173605224591362","kyomobabes"
"1862420031490883722","Fri Nov 29 22:30:53 +0000 2024","2","@unicelounge kalo udah acc udah bisa daftar. maksimal 22 lowongan yang didaftar (magang &amp; studi independen). kalo dah daftar tunggu aja seleksi dari mitranya gimana kerjain seleksinya. kalo udah waktunya pengumuman. Misal ada yang keterima kita cuma dikasih waktu 3 hari buat ambil/ngga nya.","1862625308001935379","","mesteernbdy","in","","0","0","0","https://x.com/mesteernbdy/status/1862625308001935379","1244280951279988737","mesteernbdy"
"1862559789009756347","Fri Nov 29 18:10:33 +0000 2024","0","memasuki waktu dmn bingung memilih magang opo studi independen","1862559789009756347","","","in","","0","0","0","https://x.com/blckmust/status/1862559789009756347","1464722852133978129","blckmust"
"1862156812050735351","Thu Nov 28 16:47:57 +0000 2024","0","@telyufess magang yg bisa dikonversi cuma MSIB. selain magang bisa jg studi independen ini lebih ke belajar sih cuma tetep bisa konversi jg. daftar magang bisa dateng langsung ke perusahaannya MSIB Magenta LinkedIn atau lewat email jg bisa.","1862176615901618228","","ibanibunn","in","","0","0","0","https://x.com/ibanibunn/status/1862176615901618228","1140607491044044801","ibanibunn"
"1862154893261451355","Thu Nov 28 15:29:10 +0000 2024","0","@collegemfs studi independen smt 6 magang smt 7","1862156790408073650","","collegemfs","in","","0","0","0","https://x.com/gvuily/status/1862156790408073650","876604150880104450","gvuily"
"1860975385598709839","Mon Nov 25 09:15:23 +0000 2024","0","Butuh laporan metriknya buat tugas Studi Independen soalnya. Terimakasih yang berkenan membantu Note : Kalo ada yang mau barter like follow &amp; komen juga boleh. Boleh batter IG/Tiktok juga","1860975560425713999","","cradleded","in","","0","0","0","https://x.com/cradleded/status/1860975560425713999","468960217","cradleded"
"1860912507118031260","Mon Nov 25 05:04:50 +0000 2024","0","IM3 di gue kenceng bgtt! Mantap abis buat streaming sama zoom and meet selama gue Studi Independen . Makasih udah bikin hidup lebih gampang! ","1860912507118031260","","","in","","0","0","0","https://x.com/_imyourss00/status/1860912507118031260","1860906421745020928","_imyourss00"
"1859941657170543004","Sat Nov 23 03:48:44 +0000 2024","0","@eiyahooi @uibaseNG Iyah semua bisa di konversi kok Nder dari moocs bahkan studi independen online juga bisa dikonversi. Magang mandiri pun bisa dimana ajah dikonversi","1860168579230077383","","eiyahooi","in","Nowhere","0","0","0","https://x.com/seraphicaspen/status/1860168579230077383","1711735983509786624","seraphicaspen"
"1772578660693725493","Thu Nov 21 11:40:47 +0000 2024","2","@miq2501 Hi Pak Iqbal studi ini kami desain sejak tahun 2020 independen dgn studi coral. Tahun 2023 sempat berbincang dgn first author paper tsb dan senang tahu kalau ada inisiatif serupa yg melihat sumber2 lokal utk mengisi knowledge gap","1859562600347980148","","miq2501","in","Canterbury, UK","0","1","0","https://x.com/Ardiantiono/status/1859562600347980148","2235921602","Ardiantiono"
"1859555415232590292","Thu Nov 21 11:12:14 +0000 2024","0","ada yg pernah ikut studi independen? kalo ada aku mau tanya-tanya nesa!","1859555415232590292","","","in","UNESA KAMPUS 3","0","2","0","https://x.com/unesa_fess/status/1859555415232590292","1650147576577134592","unesa_fess"
"1858627660869759417","Mon Nov 18 21:45:40 +0000 2024","0","semenjak temenku diterima kerja aku gaada temen buat mabar bahkan gaada waktu buat main malemnya aku juga sibuk kelas studi independen ueueue gini amat adulting","1858627660869759417","","","in","","0","0","0","https://x.com/vhcza/status/1858627660869759417","735962974918217728","vhcza"
"1857358929111679234","Fri Nov 15 10:51:15 +0000 2024","5","@ljenogirlfrend @utfess msib itu program kampus merdeka; studi independen (belajar online) &amp; magang di mitra/perusahaan. nah kalo dpt mitra yg baik &amp; performa kita jg bagus mereka kasih nilai bagus. plusnya kalo magang dapet gaji 2 8 perbulan","1857375806424858661","","ljenogirlfrend","in","","0","2","0","https://x.com/akutagaza/status/1857375806424858661","1307120877209706496","akutagaza"
"1857308750488768737","Fri Nov 15 06:24:47 +0000 2024","0","Guyss pliss bgtt ikut webinar yg dibuat kelompok Studi Independen ku tentang kunang-kunang plis siapapun bantu ikutan webinarnya biar banyak yang join link pendaftaran : https://t.co/D0bdYta6CN : *Free HTM* Benefit : - E-Sertifikat - Knowledge - Relation https://t.co/6i4f1yWJL1","1857308750488768737","https://pbs.twimg.com/media/GcZ8dOnaoAAnkZO.jpg","","in","","0","0","0","https://x.com/shopikyaa/status/1857308750488768737","1780511176772005888","shopikyaa"
"1856556484110540920","Wed Nov 13 04:35:33 +0000 2024","0","rek! Studi independen itu beda nggak sama course2 dari internet2 gitu? Sama2 kayak kursus juga apa ada beda nya? Makasih ","1856556484110540920","","","in","UNESA KAMPUS 3","0","1","0","https://x.com/unesa_fess/status/1856556484110540920","1650147576577134592","unesa_fess"
"1856008536251355253","Mon Nov 11 16:18:12 +0000 2024","0","Perjalanan Studi Independen MSIB Maxy Academy: Virtual Internship untuk Pengalaman Kerja Nyata Baca: https://t.co/LgUqUelzBA #cilacapdotinfo","1856008536251355253","","","in","Cilacap, Jawa Tengah","0","0","0","https://x.com/cilacapdotinfo/status/1856008536251355253","1020917214126325760","cilacapdotinfo"
"1855882900845289824","Mon Nov 11 07:58:58 +0000 2024","1","‚ÄºÔ∏è DIBUTUHKAN RESPONDEN ‚ÄºÔ∏è Ayo Ikut Berpartisipasi Halo teman-teman saya Adam Abduroman mahasiswa Studi Independen GNFI saat ini sedang mengerjakan tugas akhir Journalism. Link kuesioner: https://t.co/nCzmh99Wz4","1855882900845289824","","","in","","0","2","0","https://x.com/Hieroph18881471/status/1855882900845289824","1501951168532344833","Hieroph18881471"
"1855882294650872050","Mon Nov 11 07:56:34 +0000 2024","0","Ayo Ikut Berpartisipasi Halo teman-teman saya Adam Abduroman mahasiswa Studi Independen GNFI saat ini sedang mengerjakan tugas akhir Journalism dengan topik Preferensi Anak Muda dalam Memilih Smartphone 2024. Link kuesioner: https://t.co/SeIZMdVJ0g","1855882294650872050","","","in","","0","2","0","https://x.com/catcorp_/status/1855882294650872050","1188402199245684737","catcorp_"
"1855609553376969130","Sun Nov 10 13:52:47 +0000 2024","0","Selasa (22/10) Bakrie Center Foundation Bakrie Center Foundation hadir dalam kegiatan penandatanganan Perjanjian Kerja Sama (PKS) yang diselenggarakan oleh Direktorat Jenderal Pendidikan Tinggi Riset dan Teknologi (Ditjen Diktiristek) untuk Program Magang dan Studi Independen https://t.co/l4Kya6RWRb","1855609553376969130","https://pbs.twimg.com/ext_tw_video_thumb/1855609291346186240/pu/img/Qj8XtBbdYHiXP7qZ.jpg","","in","Wisma Bakrie, Indonesia","0","0","0","https://x.com/BakrieCenter/status/1855609553376969130","313735326","BakrieCenter"
"1855567693128339788","Sun Nov 10 11:06:27 +0000 2024","0","gak kerasa program studi independen yg aku ikutin bentar lagi selesai pengalaman yg berharga bgt bisa ikut partisipasi di program ini","1855567693128339788","","","in","","0","1","0","https://x.com/nclaryn/status/1855567693128339788","2758737287","nclaryn"
"1855432848402235690","Sun Nov 10 02:10:38 +0000 2024","1","zuzur nyesel sih hrsnya di tengah keriweuhan skripsi dan studi independen gue ttp terima orderan karna kalo udh vakum lama begini susah juga naikin engagement-nya lagi","1855432851594109373","","fjallsecrouzs","in","","0","1","0","https://x.com/fjallsecrouzs/status/1855432851594109373","1208548568769810433","fjallsecrouzs"
"1855298872828104865","Sat Nov 09 17:18:15 +0000 2024","0","Malam minggu ku ditemani project stupen : ). **(Dikejar target guys karena Desember akhir udh presentasi final project) Bismillahirrahmanirrahim semoga lancar terus sampai selesai studi independen nya! Semangattt https://t.co/oNNakiKEqx","1855298872828104865","https://pbs.twimg.com/media/Gb9YffVbQAAmOba.jpg","","in","","0","0","0","https://x.com/blueblueskyyy_/status/1855298872828104865","1833543366275108864","blueblueskyyy_"
"1854729958327033955","Fri Nov 08 19:07:57 +0000 2024","0","@SvenKjellberg2 Program MBKM Kementerian Pertanian yang juga mencakup program Magang dan Studi Independen Bersertifikat sebagai bagiannya diikuti oleh 1.105 mahasiswa dan melibatkan 278 alumni dari Politeknik Pembangunan Pertanian (Polbangtan) dan Politeknik Enjiniring Pertanian Indonesia.","1854964092668436747","","SvenKjellberg2","in","","0","0","0","https://x.com/DHendrawan38556/status/1854964092668436747","1762124642247225344","DHendrawan38556"
"1854467923534094538","Thu Nov 07 10:21:23 +0000 2024","0","@collegemfs Gara¬≤ Ikut studi independen","1854469188292927859","","collegemfs","in","uranus","0","0","0","https://x.com/tupaibirru/status/1854469188292927859","1491625307274571776","tupaibirru"
"1854397239596298695","Thu Nov 07 06:35:52 +0000 2024","0","@kochengoren__ Pernah belajar jmeter di studi independen tapi dah lama agak lupa wkwkw. Susah bgt installbya di mac m1","1854412435878449352","","kochengoren__","in","","0","0","0","https://x.com/AldyGreget/status/1854412435878449352","538867008","AldyGreget"
"1853726926839456077","Tue Nov 05 09:11:54 +0000 2024","0","Sebelum kamu daftar MSIB yuk mengenal Program MSIB (Magang dan Studi Independen Bersertifikat) swipe yaÔ∏èÔ∏è Kuliah...? BSI Aja !! #kuliahbsiaja #ubsi #universitasbinasaranainformatika #MSIB #kampusmerdeka https://t.co/PDEns2t4KB","1853726926839456077","https://pbs.twimg.com/media/GbnCzGfbUAA7mUl.jpg","","in","Jakarta Selatan, DKI Jakarta","0","0","0","https://x.com/bsiFatmawati/status/1853726926839456077","3681841812","bsiFatmawati"
"1853613229752086914","Tue Nov 05 03:56:48 +0000 2024","0","@untirtafesss Jurusan gua bisa konversi KKM mau itu program studi independen ataupun magang","1853647630213009745","","untirtafesss","in","exoplanet‚ö´","0","1","0","https://x.com/pahhh0394/status/1853647630213009745","1060722055996301313","pahhh0394"
"1853375291856691702","Mon Nov 04 09:54:38 +0000 2024","0","nyesel knp ya semester ini ga ngambil studi independen","1853375291856691702","","","in","","0","1","0","https://x.com/faaa__0420/status/1853375291856691702","1793577192099823616","faaa__0420"
"1852508455002853388","Sat Nov 02 00:30:08 +0000 2024","4","Halohh moots sebelumnya maaf banget gapernah aktif disini karena huru hara semester 5 yang sangat riweuh Jadi aku mau minta tolong kalian untuk isi kuisioner untuk keperluan tugas akhir Studi Independen bisa diisi disini ya https://t.co/kplY1rz31B Terima kasih banyak!Ô∏è","1852508455002853388","","","in","","0","6","0","https://x.com/21_Leehan/status/1852508455002853388","1582867580586725377","21_Leehan"
"1852205449715814763","Fri Nov 01 04:26:06 +0000 2024","0","Sebelum kamu daftar MSIB yuk mengenal Program MSIB (Magang dan Studi Independen Bersertifikat) swipe yaÔ∏èÔ∏è Kuliah...? BSI Aja !! #kuliahbsiaja #ubsi #universitasbinasaranainformatika #MSIB #kampusmerdeka https://t.co/ZFdZis6h33","1852205449715814763","https://pbs.twimg.com/media/GbRbB3dakAAnhc0.jpg","","in","Jakarta Timur, DKI Jakarta","0","0","0","https://x.com/bsi_dewisartika/status/1852205449715814763","1635715416","bsi_dewisartika"
"1852178638495715520","Fri Nov 01 02:39:33 +0000 2024","0","#WhatsOnUnas #UnasNews Hai sobat unas BPK UNAS menggelar Pembekalan dan Pelepasan Mahasiswa Program Magang dan Studi Independen Bersertifikat (MSIB) angkatan ke-7 pada Sabtu (26/10) di Ruang Seminar Blok I Kampus Pejaten. https://t.co/ObCeypI1Ie","1852178638495715520","","","in","Jakarta, Indonesia","0","0","0","https://x.com/UNAS1949/status/1852178638495715520","56605444","UNAS1949"
"1851993496271691863","Thu Oct 31 14:23:52 +0000 2024","0","Sebelum kamu daftar MSIB yuk mengenal Program MSIB (Magang dan Studi Independen Bersertifikat) swipe yaÔ∏èÔ∏è Kuliah...? BSI Aja !! #kuliahbsiaja #ubsi #universitasbinasaranainformatika #MSIB #kampusmerdeka https://t.co/7TuNUg46Qt","1851993496271691863","","","in","Jl. Cut Mutia no 88, Bekasi","0","0","0","https://x.com/ubsibekasi/status/1851993496271691863","3527981779","ubsibekasi"
"1851942946796638578","Thu Oct 31 11:03:00 +0000 2024","0","Sebelum kamu daftar MSIB yuk mengenal Program MSIB (Magang dan Studi Independen Bersertifikat) swipe yaÔ∏èÔ∏è Kuliah...? BSI Aja !! #kuliahbsiaja #ubsi #universitasbinasaranainformatika #MSIB #kampusmerdeka https://t.co/VxqtTbZUhw","1851942946796638578","https://pbs.twimg.com/media/GbNM46AakAI_xYx.jpg","","in","Indonesia","0","0","1","https://x.com/KuliahBSIAja/status/1851942946796638578","443743717","KuliahBSIAja"
"1851197896416510167","Tue Oct 29 22:45:24 +0000 2024","1","@Maeyaagustina Tpi harus tahu fitrah nya perempuan studi kasus nya wanita yg independen berdiri sndri dan berkarir tidak bisa bawa diri dan tidak mempelajari fitrah nya sebagai perempuan studi kasus meremeh temehkan laki laki tnpa ia gw jg mampu studi kasus ny bnyk sprti itu jika ya","1851394936366907456","","Maeyaagustina","in","Jakarta Barat, DKI Jakarta","0","2","0","https://x.com/HendriSusilo91/status/1851394936366907456","1432225184925188099","HendriSusilo91"
"1851159812027138555","Tue Oct 29 07:11:06 +0000 2024","1","yang udah pernah atau lagi studi independen msib boleh tanya tanya nggaa?? #msib","1851159812027138555","","","in","central perk","0","0","1","https://x.com/niallhorraayy/status/1851159812027138555","1212701020721016832","niallhorraayy"
"1851140647656542450","Tue Oct 29 05:54:57 +0000 2024","0","Mahasiswa Institut Informatika dan Bisnis (IIB) Darmajaya kembali torehkan prestasi tingkat nasional sebagai fasilitator terbaik dalam Magang Studi Independen Bersertifikat Batch 7 sesi I tahun 2024. https://t.co/5NaolotQHt","1851140647656542450","https://pbs.twimg.com/media/GbCSj7iakAAcSsd.jpg","","in","","0","1","0","https://x.com/Harian_Pilar/status/1851140647656542450","1196672424088985600","Harian_Pilar"
"1850589754250932283","Sun Oct 27 17:25:54 +0000 2024","0","Overthinking terus ya allah bisa ngga ya nyelesain studi independen sampe selesai : )","1850589754250932283","","","in","","0","0","0","https://x.com/blueblueskyyy_/status/1850589754250932283","1833543366275108864","blueblueskyyy_"
"1850560516911231466","Sun Oct 27 15:29:43 +0000 2024","2","Tapi sebenarnya ngeliat ini mirip mirip ama saya hahaha tapi bedanya saya jadi ga bisa maksimalin beberapanya Bisnis top up game saya (https://t.co/nVJNDDeY5w) + Studi independen Cloud + Study at Kominfo (AI and Cloud in Digital Business) + Trading + Kuliah (Organisasi) : )","1850560516911231466","","","in","","0","2","0","https://x.com/kilyfaside/status/1850560516911231466","1393925190841561094","kilyfaside"
"1849702071215493543","Sat Oct 26 14:51:53 +0000 2024","1","@hanoneart Bagus banget insightnya untuk aku yang lagi studi independen jadi game artist hehehe oh ya setau aku CMIIW tergantung studio gamenya biasanya artist juga bakal dibagi lagi ada yang untuk enviroment dan character jadi kalau kalian mau fokus ke salah satu bisa banget kok","1850188609229594812","","hanoneart","in","Indonesia","0","1","0","https://x.com/NoviceNatan/status/1850188609229594812","1701776885540392960","NoviceNatan"
"1849678581648990434","Fri Oct 25 21:19:04 +0000 2024","0","@tanyarlfes Haloo mohon likenya yaa untuk tugas project Studi Independen kami supaya bisa masuk tahap selanjutnya. Terimakasih! https://t.co/9E1GWluPAi","1849923656484520228","","tanyarlfes","in","","0","0","0","https://x.com/dul9012/status/1849923656484520228","1798414814634749952","dul9012"
"1849751675877175709","Fri Oct 25 12:42:40 +0000 2024","0","@milkcsa emg berat sih harus ngeliat itu tiap hari wkakw Haloo mohon likenya yaa untuk tugas project Studi Independen kami supaya bisa masuk tahap selanjutnya. Terimakasih! https://t.co/9E1GWluPAi","1849793701935251494","","milkcsa","in","","0","0","0","https://x.com/dul9012/status/1849793701935251494","1798414814634749952","dul9012"
"1849631888224420110","Fri Oct 25 12:16:48 +0000 2024","0","@anonjawa Haloo mohon likenya yaa untuk tugas project Studi Independen kami supaya bisa masuk tahap selanjutnya. Terimakasih! https://t.co/9E1GWluPAi","1849787190211125525","","anonjawa","in","","0","0","0","https://x.com/dul9012/status/1849787190211125525","1798414814634749952","dul9012"
"1849699898192691230","Fri Oct 25 11:34:58 +0000 2024","0","@medyrenaldy_ Permisi mohon like dan komennya untuk tugas project Studi Independen kami supaya dapat masuk 5 besar https://t.co/9E1GWluPAi","1849776663921590555","","medyrenaldy_","in","","0","0","0","https://x.com/dul9012/status/1849776663921590555","1798414814634749952","dul9012"
"1849362243735191619","Fri Oct 25 11:34:36 +0000 2024","0","@NyoFuyu__ Permisi mohon like dan komennya untuk tugas project Studi Independen kami supaya dapat masuk 5 besar https://t.co/9E1GWluPAi","1849776570539663406","","NyoFuyu__","in","","0","0","0","https://x.com/dul9012/status/1849776570539663406","1798414814634749952","dul9012"
"1849656571632156994","Fri Oct 25 11:33:50 +0000 2024","0","@niwseir Permisi mohon like dan komennya untuk tugas project Studi Independen kami supaya dapat masuk 5 besar https://t.co/9E1GWluPAi","1849776376519557278","","niwseir","in","","0","0","0","https://x.com/dul9012/status/1849776376519557278","1798414814634749952","dul9012"
"1849481616114241642","Fri Oct 25 11:33:21 +0000 2024","0","@yteeam Permisi mohon like dan komennya untuk tugas project Studi Independen kami supaya dapat masuk 5 besar https://t.co/9E1GWluPAi","1849776258714067241","","yteeam","in","","0","0","0","https://x.com/dul9012/status/1849776258714067241","1798414814634749952","dul9012"
"1849760672394924201","Fri Oct 25 10:31:25 +0000 2024","0","nesa! kalian yang ikut studi independen (msib) keluar dari kos nggak? aku bingung mau lanjutin apa ga sedangkan klo lanjut jarang bgt di kosan huhuu ac kos jg lg error eman mau service tp ga dipake","1849760672394924201","","","in","UNESA KAMPUS 3","0","0","0","https://x.com/unesa_fess/status/1849760672394924201","1650147576577134592","unesa_fess"
"1849623237527011809","Fri Oct 25 08:49:42 +0000 2024","0","@aldapstsr Permisi mohon like dan komennya untuk tugas project Studi Independen kami supaya dapat masuk 5 besar. Terima kasih https://t.co/pngNWVloPU","1849735073236758736","","aldapstsr","in","","0","0","0","https://x.com/dul9012/status/1849735073236758736","1798414814634749952","dul9012"
"1849712154544664915","Fri Oct 25 07:47:58 +0000 2024","0","@tanyarlfes Permisi mau minta like sama komennya buat tugas Studi Independen saya supaya bisa masuk 5 besar. Terima kasihh https://t.co/pngNWVloPU","1849719537492758691","","tanyarlfes","in","","0","0","0","https://x.com/dul9012/status/1849719537492758691","1798414814634749952","dul9012"
"1849618290060165445","Fri Oct 25 03:53:47 +0000 2024","1","@TheNugrawesome @chey1ll Btul gw ikut studi independen satu semester yg jelas ga dibayar (karena ga dihitung magang) aja dapet uang buat ganti kuota sampe 500k dari perusahaan yg bersangkutan wkwkwk","1849660602295386130","","TheNugrawesome","in","","0","1","0","https://x.com/XiangliYaou/status/1849660602295386130","1321478072940462083","XiangliYaou"
"1849267724612227199","Fri Oct 25 03:07:50 +0000 2024","1","@SoundOfYogi Udah pernah nyoba bbrpa program mbkm kaya studi independen sm wirausaha merdeka asli enak banget dan seruu. Tp mungkin kurikulumnya lbh cocok ke perguruan tinggi. Smoga programnya bisa lanjut terus ","1849649037768786235","","SoundOfYogi","in","","0","0","0","https://x.com/justglowupmyday/status/1849649037768786235","1351003184056176654","justglowupmyday"
"1849347144614134036","Thu Oct 24 07:08:13 +0000 2024","0"," ngga kerasa udah Task 27 aja stupen di @IndobotAcademy baru ngerjain semalem si (Monitoring Suhu dan Kelembaban menggunakan Sensor DHT 11) #msib #studi_independen #indobot_academy https://t.co/JgZxXu58V5","1849347144614134036","https://pbs.twimg.com/media/GaozbUGbYAAvzCb.jpg","","in","Jakarta Capital Region","0","0","0","https://x.com/nekoshy89/status/1849347144614134036","1402279820176904195","nekoshy89"
"1849069485774483708","Wed Oct 23 12:44:54 +0000 2024","0","mungkin aku salah satu yang beruntung karena bisa ngebuka mata abis ikut studi independen kemarin","1849069485774483708","","","in","","0","0","0","https://x.com/rfsyhb/status/1849069485774483708","1326864829","rfsyhb"
"1848949105999155233","Wed Oct 23 09:33:39 +0000 2024","0","@utfess Aku Kerja + Studi Independen + Tuton. Pagi sore kerja malem studi independen sambil nyicil tugas","1849021358682083640","","utfess","in","","0","1","0","https://x.com/pwittiestme/status/1849021358682083640","1678567530099777537","pwittiestme"
"1848965427730518179","Wed Oct 23 05:51:27 +0000 2024","0","PFN dalam hal ini menjadi salah satu partner Utama Kemendikbud RI untuk kegiatan Magang dan Studi Independen Bersertifikat (MSIB). Kedepannya PFN secara positif membuka peluang kerja sama dengan semua Lembaga Pendidikan dalam rangka","1848965441051627818","","StudioPFN","in","Jakarta, Indonesia","0","1","0","https://x.com/StudioPFN/status/1848965441051627818","1667761592","StudioPFN"
"1848722438949052652","Tue Oct 22 13:45:51 +0000 2024","0","Napa ya aku pinter banget sampe punya ide ikut program studi independen sambil ngerjain TA ","1848722438949052652","","","in","","0","1","0","https://x.com/Morianged/status/1848722438949052652","767763630473392129","Morianged"
"1848669088874435066","Tue Oct 22 10:14:02 +0000 2024","0","Pada kesempatan lain saya juga mendaftar di Program Magang dan Studi Independen Bersertifikat (MSIB). Saat itu saya menjalankan kegiatan Studi Independen Digital Marketing di B One Corporation dan juga kegiatan Magang Content Writer di detikcom.","1848669134512382286","","nyaesar","in","He/him","0","1","0","https://x.com/nyaesar/status/1848669134512382286","2757721377","nyaesar"
"1848180570666541409","Mon Oct 21 14:58:14 +0000 2024","0","@gitaputrid Kampus merdeka emg bagus kok ada studi independen sama magang. Mungkin yg perlu dipertimbangkan yang iisma itu","1848378266769609019","","gitaputrid","in","","0","0","0","https://x.com/Raldi_rd/status/1848378266769609019","1580457705465999360","Raldi_rd"
"1848363536793444807","Mon Oct 21 13:59:42 +0000 2024","0","Ehmm okelah kl Kampus Merdeka karna aku sendiri merasakan benefit dari program studi independen dan pertukaran pelajar. Tp ga menutup fakta kl zonasi PPDB ini banyak masalah alih2 pemerataan fasilitas sekolah murid yg potensial jd ditempatin di sekolah minim fasilitas","1848363536793444807","","","in","","0","0","0","https://x.com/xolophanda/status/1848363536793444807","1509352300443488258","xolophanda"
"1848229655763136525","Mon Oct 21 05:07:43 +0000 2024","0","klo pengelaman ikut studi independen masukin cv nya dibagian apa sihh? pengalaman kerja kah?","1848229655763136525","","","in","she/her","0","0","0","https://x.com/rosedyyn/status/1848229655763136525","1286621625413062656","rosedyyn"
"1847682016831058036","Sat Oct 19 16:51:35 +0000 2024","1","nesa! Ada yang pernah magang atau studi independen msib nggak? Mau nanya buat daftar msib apakah bener2 harus bagus CV nya?","1847682016831058036","","","in","UNESA KAMPUS 3","0","0","1","https://x.com/unesa_fess/status/1847682016831058036","1650147576577134592","unesa_fess"
"1847608761378381982","Sat Oct 19 12:00:30 +0000 2024","0"," MBKM VIDEO COMPETITION 2024 Lomba Vlog MBKM (Magang dan Studi Independen Bersertifikat (MSIB); KKN Tematik; Pertukaran Mahasiswa (Internasional dan Nasional); Kewirausahaan; Penelitian; Bela Negara) Daftarkan diri kalian melalui: https://t.co/yj7fxBP70K https://t.co/eyJHbrnraE","1847608761378381982","https://pbs.twimg.com/media/GaQGYGNaEAA8ZhC.jpg","","in","Jakarta","0","1","0","https://x.com/UKRIDA/status/1847608761378381982","190177759","UKRIDA"
"1847332697070571773","Fri Oct 18 17:43:31 +0000 2024","0","Cuman bisa pasrah &amp; serahin ke Allah: ). Ya allah pengen cepet selesai Studi Independen nya. Lancarkan sampai akhir ya Allah ","1847332697070571773","","","in","","0","0","0","https://x.com/blueblueskyyy_/status/1847332697070571773","1833543366275108864","blueblueskyyy_"
"1846942000479911951","Thu Oct 17 15:51:02 +0000 2024","0","Allahumma Yassir walatu'assir Allahumma Yassir walatu'assir Allahumma Yassir walatu'assir Istighfar banget dapet kelompok studi independen yang dominan mhs akhir + beban : ). Ak tau klen sibuk skripsi tp plis klen udh ttd surat komitmen mengikuti program loh : )","1846942000479911951","","","in","","0","0","0","https://x.com/blueblueskyyy_/status/1846942000479911951","1833543366275108864","blueblueskyyy_"
"1846469455058292898","Thu Oct 17 09:22:59 +0000 2024","1","@HFaang @jineeuslab @univ_indonesia magang-studi independen bersertifikat kak. program MBKM-nya kemdikbud.","1846844344667721952","","HFaang","in","hereafter","0","0","0","https://x.com/deiverse/status/1846844344667721952","636825717","deiverse"
"1846445521105539073","Thu Oct 17 05:04:46 +0000 2024","0","@NenkMonica Tapi aku smenjak ikut kampus merdeka dpet bnyk juga benefitnya mulai dari MBKM Mandiri sampai studi independen. Mngkin aku liatnya dari satu sisi aja","1846779365767762219","","NenkMonica","in","","0","0","0","https://x.com/alfinradek123/status/1846779365767762219","1748132373626257408","alfinradek123"
"1846441759741800478","Wed Oct 16 06:43:15 +0000 2024","0"," Selamat Para Mahasiswa PPM School! PPM School of Management dengan bangga mengucapkan selamat kepada para mahasiswa yang berhasil lolos dalam Program Magang dan Studi Independen Bersertifikat (MSIB) Kampus Merdeka! Kesempatan ini merupakan langkah penting untuk https://t.co/INc8rgcP06","1846441759741800478","https://pbs.twimg.com/media/GZ_g9JObcAAASSc.jpg","","in","Jl. Menteng Raya No.9, Jakarta","0","0","0","https://x.com/ppmschool/status/1846441759741800478","2978883793","ppmschool"
"1845996577804243066","Tue Oct 15 01:14:15 +0000 2024","2","Alhamdulillah 183 Mahasiswa Universitas Ahmad Dahlan lolos seleksi program Magang dan Studi Independen Bersertifikat (MSIB) angkatan 7 tahun 2024 - Terima kasih atas doa dan dukungan seluruh keluarga besar Universitas Ahmad Dahlan - #universitasahmaddahlan #uad #uadjogja https://t.co/6ezruLuMz4","1845996577804243066","https://pbs.twimg.com/media/GZ5MGaqb0AIhwx5.jpg","","in","Yogyakarta, Indonesia","0","0","0","https://x.com/klik_uad/status/1845996577804243066","2585402049","klik_uad"
"1845345237213847988","Mon Oct 14 14:19:55 +0000 2024","0","@rainencold @xiayuejiu @hrdbacot temenku ikut disitu tapi studi independen sih itu tp ya coba aja kak kali aja bisa","1845831907780747519","","cirenggggrww","in","","0","0","0","https://x.com/cirenggggrww/status/1845831907780747519","1267759622506479616","cirenggggrww"
"1845121981873783212","Sat Oct 12 15:28:06 +0000 2024","1","Gw sebagai ketua sekaligus perwakilan studi independen bersama petinggi desa dan aparat mimpin musyawarah dan perkenalan. Kurang lebih kayak lokakarya sih Betapa kagetnya gw liat pisang goreng pake sambel kacang tapi ternyata enak banget woyyyy https://t.co/hJqMyCtc3C","1845124290431361441","https://pbs.twimg.com/media/GZsyvodaAAIvxtK.jpg","kopifilterpagi","in","he/him","0","1","0","https://x.com/kopifilterpagi/status/1845124290431361441","788492883187814400","kopifilterpagi"
"1845121981873783212","Sat Oct 12 15:18:55 +0000 2024","19","Siapa bilang anak muda gak bisa berkontribusi buat laut? Gw buktiin kalau kita bisa! Simak cerita pengalaman studi independen gw di Sulawesi Tengah. Btw ini fully funded lohh ‚Äç‚ÜîÔ∏è‚Äç‚ÜîÔ∏è A thread. #marinescience #pesonaindonesia #jalesvevajayamahe https://t.co/r1IqY19XeS","1845121981873783212","https://pbs.twimg.com/media/GZswp2YaAAUEWIl.jpg","","in","he/him","0","1","0","https://x.com/kopifilterpagi/status/1845121981873783212","788492883187814400","kopifilterpagi"
"1845040379201982841","Sat Oct 12 09:54:40 +0000 2024","0","hol on berarti satu tahun dong aku ga ngerasa kursi kuliah sebelumnya studi independen sekarang magang next skripsi dan kayanya skripsian gak di kelas lagi wtf","1845040379201982841","","","in","","0","1","0","https://x.com/rfsyhb/status/1845040379201982841","1326864829","rfsyhb"
"1844669904529895734","Fri Oct 11 09:22:32 +0000 2024","1","semangat ingin baitoku pupus setelah kelas tiap minggu ada tugas ada happyo tapi cuma 1 sks belum juga matkul pbl studi independen cokkkk pdhl cuma 17 sks maba dulu pernah 24 sks tapi ga mati","1844669904529895734","","","in","","0","1","0","https://x.com/amefurande/status/1844669904529895734","1430880680645300227","amefurande"
"1844202396605718546","Thu Oct 10 02:24:49 +0000 2024","0","[MAHASISWA BERPRESTASI] Selamat untuk Ilyasa Irfan (MRL 21) telah lolos Magang dan Studi Independen Bersertifikat (MSIB) Batch 7 di Samabe Bali Suites &amp; Villas Semoga pencapaian ini dapat menjadi motivasi untuk terus berkembang dan meraih¬†prestasi¬†baru https://t.co/23z7fLgEnD","1844202396605718546","https://pbs.twimg.com/media/GZfsTSvaAAEfUUJ.jpg","","in","Bumi Siliwangi Bandung","0","0","0","https://x.com/mrl_upi/status/1844202396605718546","235234577","mrl_upi"
"1843147114639220904","Mon Oct 07 04:31:30 +0000 2024","0","KAYAK NAMA MENTOR GUE PAS STUDI INDEPENDEN ASUUU","1843147114639220904","","","in","","0","0","0","https://x.com/kiraraexpress/status/1843147114639220904","1633303183194980352","kiraraexpress"
"1843070726993248637","Sun Oct 06 23:27:58 +0000 2024","0","Ratusan Mahasiswa Ikuti Studi Independen Bersertifikat di IMIP https://t.co/UTLAck78SX","1843070726993248637","","","in","","0","0","0","https://x.com/ComMetrosulteng/status/1843070726993248637","1548631251111751680","ComMetrosulteng"
"1842159374409830565","Fri Oct 04 11:06:35 +0000 2024","8","Need joki proyek tugas akhir studi independen bidang pemasaran + yang bisa bimbing ngejelasin aku kalau kurang paham #jokitugas","1842159374409830565","","","in","","0","41","0","https://x.com/CLsybyd_/status/1842159374409830565","1619194632201711616","CLsybyd_"
"1842067235973824617","Fri Oct 04 05:00:27 +0000 2024","20","Selamat Datang Peserta MSIB Batch 7! Pupuk Kaltim dengan bangga memulai Program Magang Studi Independen Bersertifikat (MSIB) Batch 7! Tahun ini 27 peserta terpilih dari berbagai Perguruan Tinggi di Indonesia akan mendapatkan kesempatan emas untuk menimba ilmu dan pengalaman https://t.co/acQ3teYaej","1842067235973824617","https://pbs.twimg.com/media/GZBWWHxbAAYcb3U.jpg","","in","Bontang, Kalimantan Timur","0","0","21","https://x.com/pupukkaltim_id/status/1842067235973824617","855339725204238337","pupukkaltim_id"
"1842027651898474500","Fri Oct 04 02:23:10 +0000 2024","0","Minggu 29 September 2024 Kepala Dinas Lingkungan Hidup dan Kehutanan Provinsi Sulawesi Selatan diwakili oleh Kepala Bidang Perhutanan Sosial Hidayat menghadiri acara Penyambutan Mahasiswa Peserta Program Magang dan Studi Independen Bersertifikat (MSIB) https://t.co/wIa1KQRgX9","1842027651898474500","https://pbs.twimg.com/media/GZAyYODbAAA7sA6.jpg","","in","Kota Makassar","0","0","0","https://x.com/DLHKPROVSULSEL/status/1842027651898474500","1793501935305420800","DLHKPROVSULSEL"
"1841759909165375492","Thu Oct 03 08:39:15 +0000 2024","0"," Kapan skripsi? Ga ikut studi independen? dan mendekati kata-kata kapan lulus. It make me overwhelmed (ya tau sih yg pada nanyain kyk gitu orang yg ngga aku deket samsek but it has some annoying feeling for me). Iya tau masa kuliah tuh waktunya kita eksplor diri","1841759910993986023","","kagisu0619","in","","0","1","0","https://x.com/kagisu0619/status/1841759910993986023","1489282481677541376","kagisu0619"
"1801502843188216313","Wed Oct 02 23:06:27 +0000 2024","1","@nolocdet @UPIfess bolehh tapi aku bukan magang si.. aku SI studi independen (barangkali harus spesifik M aja magang gabisa SI)","1841615758503366696","","nolocdet","in","Bandung, Indonesia","0","0","0","https://x.com/semicolonbtrfly/status/1841615758503366696","1285847140896395265","semicolonbtrfly"
"1841509100993343575","Wed Oct 02 16:02:37 +0000 2024","0","mulai terdeteksi puyenk puyenk studi independen enih","1841509100993343575","","","in","","0","0","0","https://x.com/lrzstarr_/status/1841509100993343575","1771001469464145920","lrzstarr_"
"1841386658199212465","Wed Oct 02 07:56:05 +0000 2024","0","Setuju untuk pendidikan dasar Tapi klo untuk pendidikan tinggi inovasi &amp; gebrakan beliau bener2 yg dibutuhkan oleh negeri ini Magang merdeka studi independen kkn merdeka iisma pertukaran mhswa dll Walaupun dalam implementasi msh perlu byk evaluasi tapi program tsb BRILLIANT","1841386658199212465","","","in","","0","0","0","https://x.com/mesodigital/status/1841386658199212465","1168845775331184640","mesodigital"
"1841306816183243095","Wed Oct 02 02:38:49 +0000 2024","0","Open joki tugas laporan magang dan studi independen. Dikerjakan oleh alumni magang dan studi independen kampus merdeka langsung. Tanya-tanya dulu jg boleh bgt ya langsung WA di bio #jokijurnal #jokimakalah #jokitugas #ZonaBA #Zonajajan #zonauang","1841306816183243095","","","in","","0","0","0","https://x.com/matchachwann/status/1841306816183243095","1329075392670416898","matchachwann"
"1841099570882683120","Tue Oct 01 17:15:20 +0000 2024","0","@febrianppkw @worksfess Wah mantep nih tp aku blm ada pengalaman kerja kak :( cuma pernah ikut studi Independen kampus merdeka di salah satu konsultan ERP Odoo gitu","1841165011210944737","","febrianppkw","in","DKI Jakarta, Indonesia","0","1","0","https://x.com/salsaaab__/status/1841165011210944737","985709888461402112","salsaaab__"
"1840559498102210778","Tue Oct 01 05:23:50 +0000 2024","0","@V3g3L Alhamdulillaah sy pernah berkunjung ke kantor pusat MUI dlm rangka studi lembaga independen ini diisi org¬≤ hebat makanya proses mengeluarkan sertifikat halal itu detail lha kalo dipegang kemenag mau jadi apa?","1840985954879988191","","V3g3L","in","","0","0","0","https://x.com/annur_88/status/1840985954879988191","571325728","annur_88"
"1840683227083571463","Mon Sep 30 09:20:54 +0000 2024","0","ya allah hari ini saya sudah dapat pembimbing skripsi kuatkan lah hamba ya allah untuk menghadapi skripsi + studi independen ini","1840683227083571463","","","in","Arab sebelah amerika","0","0","0","https://x.com/marchhumanrace/status/1840683227083571463","1319572922269249541","marchhumanrace"
"1840578965054140555","Mon Sep 30 02:26:36 +0000 2024","2","Open joki tugas laporan magang dan studi independen. Dikerjakan oleh alumni magang dan studi independen kampus merdeka langsung. Tanya-tanya dulu jg boleh bgt ya langsung WA di bio #jokijurnal #jokimakalah #jokitugas #ZonaBA #Zonajajan #zonauang","1840578965054140555","","","in","","0","0","0","https://x.com/matchachwann/status/1840578965054140555","1329075392670416898","matchachwann"
"1840039113703207244","Sat Sep 28 15:55:49 +0000 2024","0","@hydrol0gy harus magang/studi independen/iisma atau konversi MBKM/MSIB lainnya","1840057836635861207","","hydrol0gy","in","Sidoarjo, Indonesia","0","0","0","https://x.com/drakulakuota/status/1840057836635861207","1261210006944276481","drakulakuota"
"1839603268894548098","Fri Sep 27 09:49:32 +0000 2024","0","Hai #SobatSukses BSI Career Selamat &amp; sukses untuk mahasiswa/i terbaik dari Universitas Bina Sarana Informatika yang berhasil lolos pada program Magang &amp; Studi Independen Bersertifikat (MSIB) Kampus Merdeka Batch 7 Tahun 2024 https://t.co/276EqqbUBf","1839603268894548098","https://pbs.twimg.com/media/GYeVarWbkAA_YQT.jpg","","in","Kota Tangerang, Banten","0","1","0","https://x.com/ubsi_cimone/status/1839603268894548098","4197099733","ubsi_cimone"
"1839512189486694828","Fri Sep 27 04:26:24 +0000 2024","0","@collegemfs Bisa ikut program mbkm yg pmm 3 sama msib 7 walau cuma studi independen sih ..tapi saya bangga sama sidang proyek dkv kelompokku dipuji sama dosen penguji bangga pol walau terkesan biasa saja hiikss ","1839521950827450719","","collegemfs","in","dunia lain","0","0","0","https://x.com/lunaeshappire/status/1839521950827450719","1207915328832884736","lunaeshappire"
"1839502639698198760","Fri Sep 27 03:09:40 +0000 2024","3","Program Magang dan Studi Independen Bersertifikat (MSIB) bertajuk Jalan Mapan (Jelajah Hutan Masa Depan) Perhutanan Sosial Tahun 2024 Lihat melalui link berikut ini #TikTok https://t.co/cfpK1LPKKt","1839502639698198760","","","in","Palangka Raya","0","0","0","https://x.com/DishutKalteng/status/1839502639698198760","1825429181146320896","DishutKalteng"
"1839465537677746351","Fri Sep 27 00:42:14 +0000 2024","0","Hai Sobat YOMA! Selamat bergabung kepada 88 mahasiswa Magang &amp; Studi Independen Bersertifikat (MSIB) dari 28 Perguruan Tinggi se Indonesia. Mereka berkomitmen untuk berkontribusi dalam program Pertanian Modern di Kabupaten Sukoharjo. Kita bisa memajukan Pertanian Indonesia! https://t.co/aX1yMYhOOz","1839465537677746351","https://pbs.twimg.com/media/GYcX6btbsAAg5GJ.jpg","","in","Yogyakarta dan Magelang","0","0","0","https://x.com/Polbangtan_YoMa/status/1839465537677746351","830960706753212416","Polbangtan_YoMa"
"1839154914653851952","Thu Sep 26 23:53:30 +0000 2024","0","@nolocdet @collegemfs yang magang nya aja kah kak? aku kemaren studi independen msib","1839453272203243657","","nolocdet","in","","0","1","0","https://x.com/3002sun4a/status/1839453272203243657","1525738047945420800","3002sun4a"
"1839218093517918401","Thu Sep 26 08:18:59 +0000 2024","0","Hai #SobatSukses BSI Career Selamat &amp; sukses untuk mahasiswa/i terbaik dari Universitas Bina Sarana Informatika yang berhasil lolos pada program Magang &amp; Studi Independen Bersertifikat (MSIB) Kampus Merdeka Batch 7 Tahun 2024. https://t.co/3M3yv1jFsv","1839218093517918401","https://pbs.twimg.com/media/GYY3Fq3aMAIxVgA.jpg","","in","Jakarta Selatan, DKI Jakarta","0","0","0","https://x.com/bsiFatmawati/status/1839218093517918401","3681841812","bsiFatmawati"
"1839217944888487991","Thu Sep 26 08:18:23 +0000 2024","0","Hai #SobatSukses BSI Career Selamat &amp; sukses untuk mahasiswa/i terbaik dari Universitas Bina Sarana Informatika yang berhasil lolos pada program Magang &amp; Studi Independen Bersertifikat (MSIB) Kampus Merdeka Batch 7 Tahun 2024. https://t.co/IdgptkbisO","1839217944888487991","https://pbs.twimg.com/media/GYY29coXEAAiPcn.jpg","","in","Jakarta Selatan, DKI Jakarta","0","0","0","https://x.com/bsiFatmawati/status/1839217944888487991","3681841812","bsiFatmawati"
"1839159761302073790","Thu Sep 26 04:27:11 +0000 2024","0","Mahasiswa UMMI Akan Lakukan Magang dan Studi Independen Bersertifikat di 17 Perusahaan https://t.co/skTRsRejMP","1839159761302073790","","","in","Yogyakarta, Indonesia","0","0","1","https://x.com/WartaPTM/status/1839159761302073790","1303117650831106048","WartaPTM"
"1838954428721967431","Wed Sep 25 14:51:16 +0000 2024","0","perlu gap 1 tahun dulu untuk belajar Kritik Sastra dulu enggak bisa dikonversi karena mata kuliahnya nggak sesuai bidang studi independen. tapi lumayan buat referensi bikin-bikin tulisan https://t.co/KcYmENLdrA","1838954428721967431","https://pbs.twimg.com/media/GYVHTQZbwAAqCDd.jpg","","in","‚Äî ing madya mangun karso.","0","0","0","https://x.com/sekaragatira/status/1838954428721967431","3278899946","sekaragatira"
"1838783583764516954","Wed Sep 25 03:32:23 +0000 2024","0","Pas kuliah sempet ikut program Studi Independen sampe akhirnya masuk kualifikasi di Habibie Tech Fest. Ketemu sama coaches dan temen-temen yang luar biasaa jadi aku cuma familiar sama nomor 3. sisanya belum pernah denger/tau program dan kontribusi yang pernah dikerjakan","1838783583764516954","","","in","Bandung, Indonesia","0","1","0","https://x.com/bubukflo/status/1838783583764516954","1718908681012785152","bubukflo"
"1838768127313875040","Wed Sep 25 02:30:58 +0000 2024","0","Open joki tugas laporan magang dan studi independen. Dikerjakan oleh alumni magang dan studi independen kampus merdeka langsung. Tanya-tanya dulu jg boleh bgt ya langsung WA di bio #jokijurnal #jokimakalah #jokitugas #ZonaBA #Zonajajan #zonauang","1838768127313875040","","","in","","0","0","0","https://x.com/matchachwann/status/1838768127313875040","1329075392670416898","matchachwann"
"1838757195112157306","Wed Sep 25 01:49:45 +0000 2024","0","ketua kompi studi independen humas ukm ketua divisi desain media hima tugas tugas stupen tugas tugas kuliah","1838757755320176908","","_amertaa_","in","Jakarta Capital Region, Indone","0","1","0","https://x.com/_amertaa_/status/1838757755320176908","1238125491363577856","_amertaa_"
"1838755520397910509","Wed Sep 25 01:40:53 +0000 2024","0","gausah ngomong ga kerja sesuai pendidikan deh kalo pas dicek udah studi independen di jenjang karier itu kek kesannya lompat jauh bgt ","1838755520397910509","","","in","Miffy heart","0","1","0","https://x.com/kuuki_ga_/status/1838755520397910509","1147823186672623616","kuuki_ga_"
"1838440932229943369","Tue Sep 24 05:08:59 +0000 2024","0","Meskipun analisis DNA belum berhasil dilakukan karena keterbatasan sampel dan kondisi preservasi studi morfometrik dan komparatif menunjukkan bahwa H. luzonensis mungkin berevolusi secara independen dari H. erectus di Asia Tenggara.","1838445505833247088","","Basarahsasmita","in","","0","1","0","https://x.com/Basarahsasmita/status/1838445505833247088","1310912206481965056","Basarahsasmita"
"1837066862645104777","Fri Sep 20 09:50:49 +0000 2024","0","Fun Friday kali ini dilaksanakan sekaligus untuk mempererat keakraban antara para peserta Magang dan Studi Independen Bersertifikat (MSIB) dengan pegawai PFN. Pada kegiatan ini Bapak Dwi Heriyanto B selaku Direktur Utama PFN menyambut para peserta MSIB dan menyampaikan wawasan- https://t.co/LSTwOWWkwJ","1837066880080826602","https://pbs.twimg.com/media/GX6Slu8aUAEjgLe.jpg","StudioPFN","in","Jakarta, Indonesia","0","1","0","https://x.com/StudioPFN/status/1837066880080826602","1667761592","StudioPFN"
"1837036089846157639","Fri Sep 20 07:48:28 +0000 2024","1"," Bangga! Dosen Prodi Ilkom UBBG berhasil lolos sebagai Dosen Pendamping Program (DPP) MSIB Angkatan 7 Tahun 2024. Siap mendampingi generasi muda dalam Program Magang dan Studi Independen Bersertifikat! #universitasbbg #ubbghebat #msib2024 #dosenhebat #ilkomubbg https://t.co/nAB4qdf0FU","1837036089846157639","https://pbs.twimg.com/media/GX52k3ObcAAmhQM.jpg","","in","Banda Aceh, Indonesia","0","0","0","https://x.com/universitasbbg/status/1837036089846157639","1306361298","universitasbbg"
"1836940114070839696","Fri Sep 20 01:27:06 +0000 2024","1","Pelda Susanto Babinsa Banjararum Koramil 05/Kalibawang Kodim 0731/Kulon Progo Kamis (19/09/2024) Pembukaan Napak Tilas Persandian peserta Magang dan Studi Independen (MSIB) program kampus merdeka kemdikbudristek peserta 45 orang dan pendukung 20 orang. https://t.co/XCGRGJiZbT","1836940114070839696","https://pbs.twimg.com/media/GX4fTChboAAmrak.jpg","","in","","0","0","0","https://x.com/KoramilNGL06/status/1836940114070839696","1817769400239550464","KoramilNGL06"
"1836907454287991026","Thu Sep 19 23:17:19 +0000 2024","1","Pelda Susanto Babinsa Banjararum Koramil 05/Kalibawang Kodim 0731/Kulon Progo Kamis (19/09/2024) di Hal Balkal Banjararum hadiri Pemb Napak Tilas Persandian peserta Magang dan Studi Independen (MSIB) program kampus merdeka kemdikbudristek peserta 45 org dan pendukung 20 org. https://t.co/3o078GKFJw","1836907454287991026","https://pbs.twimg.com/media/GX4BlA9aEAA7JqA.jpg","","in","Kulon Progo, Yogyakarta","0","0","0","https://x.com/pendim0731/status/1836907454287991026","710626216135491584","pendim0731"
"1836867886301991077","Thu Sep 19 20:40:06 +0000 2024","0","Wkwk pasrah bgt dpt kelompok yg g enak di studi Independen : ) mana sampe Desember pula. Desain ig ajh g ad yg bantuin apalagi nanti : ( poor on me","1836867886301991077","","","in","","0","1","0","https://x.com/blueblueskyyy_/status/1836867886301991077","1833543366275108864","blueblueskyyy_"
"1836780806800568541","Thu Sep 19 14:54:04 +0000 2024","0","Dukung Pengembangan SDM Industri Film PFN Gelar Onboarding Magang dan Studi Independen Bersertifikat (MSIB) Batch 7 https://t.co/ql4Ges4DHU","1836780806800568541","","","in","Jakarta","0","0","0","https://x.com/ntvnewsid/status/1836780806800568541","1758030653344657408","ntvnewsid"
"1836752316273442975","Thu Sep 19 13:00:52 +0000 2024","1","sedang merenung apakah ini keputusan yang tepat untuk ikut studi independen ini :)","1836752316273442975","","","in","","0","0","0","https://x.com/kamugakjelasyah/status/1836752316273442975","1207284962887491584","kamugakjelasyah"
"1836355978159415743","Wed Sep 18 10:45:57 +0000 2024","0","Kegiatan Onboarding Magang dan Studi Independen Bersertifikat Batch 7 PT Produksi Film Negara (Persero). Jakarta (18/09/2024)- PT Produksi Film Negara (Persero) menyelenggarakan Onboarding Magang dan Studi Independen Bersertifikat (MSIB) Batch 7 di BlackBox PFN. https://t.co/jfUJQemVVt","1836355978159415743","https://pbs.twimg.com/media/GXwLZXNakAEEoei.jpg","","in","Jakarta, Indonesia","0","1","0","https://x.com/StudioPFN/status/1836355978159415743","1667761592","StudioPFN"
"1835888690633326777","Tue Sep 17 03:49:07 +0000 2024","1","Kepala DPKP Pandeglang menyampaikan sambutan di hadapan 81 Mahasiswa Magang &amp; Studi Independen Bersertifikat dari berbagai universitas terpilih yang akan ditempatkan di 4 Kecamatan lokus yakni Carita Panimbang Sobang dan Cikeusik https://t.co/3I038WQ247","1835888690633326777","https://pbs.twimg.com/media/GXpjB0QacAA3NqX.jpg","","in","Pandeglang, Indonesia","0","0","0","https://x.com/dpkppandeglang/status/1835888690633326777","4716748892","dpkppandeglang"
"1835879756732248280","Tue Sep 17 03:13:37 +0000 2024","1","Pelepasan Mahasiswa Magang &amp; Studi Independen Bersertifikat Tahun 2024 di Kampus Politeknik Enjiniring Pertanian Indonesia ((PEPI) Kementan Ri oleh Direktur PEPI dan Kepala DPKP Pandeglang Selasa 17.09.2024 cc @BadanPangan @nasirdistan @setdapandeglang @irnacenter @BudiSJanuardi https://t.co/Ekr66bW4BI","1835879756732248280","https://pbs.twimg.com/media/GXpa5tkaUAAGl3R.jpg","","in","Pandeglang, Indonesia","0","0","0","https://x.com/dpkppandeglang/status/1835879756732248280","4716748892","dpkppandeglang"
"1835413793377222701","Sun Sep 15 20:22:03 +0000 2024","1","Kok takut sm tugas2 project Studi Independen yah but whatever the condition just say bismillahirrahmanirrahim","1835413793377222701","","","in","","0","0","0","https://x.com/blueblueskyyy_/status/1835413793377222701","1833543366275108864","blueblueskyyy_"
"1835187532230709457","Sun Sep 15 15:40:20 +0000 2024","0","@yasirkuat @_owh_gitu_ya_ @zy_zy_lestary Dan kalau lo nanya uang pendidikan membengkak kmna jawabannya salah satunya adl PMM yg udh nyampe batch 4 KM udah smpe batch 8 MSIB batch 7 studi independen jg dpet uang saku blm lagi PKM blm lagi IISMA &amp; peluang untuk lolos ikut program ini besar tp dananya jg tentu besar","1835342899732713661","","urfavcrushqii","in","","0","1","0","https://x.com/urfavcrushqii/status/1835342899732713661","1663775722442481664","urfavcrushqii"
"1834796210994970758","Sat Sep 14 22:58:53 +0000 2024","1","@gigijijel @UTmenfess studi independen mungkin masih memungkinkan kak karena kadang2 ada yg live classnya mulai 19.00","1835090875036451158","","gigijijel","in","","0","1","0","https://x.com/effervcent/status/1835090875036451158","1688003270","effervcent"
"1834796210994970758","Sat Sep 14 16:22:45 +0000 2024","0","@effervcent @apasigengss studi independen itu belajarr? atau magang kak?","1834991183019585846","","effervcent","in","Bandung","0","0","0","https://x.com/buzzerkeadilann/status/1834991183019585846","1159781465615323136","buzzerkeadilann"
"1834796210994970758","Sat Sep 14 07:20:58 +0000 2024","1","@isekaiwarrior @effervcent @UTmenfess Aku juga sambil kerja lancar aja walau kadang ada bentrok tapi bisa izin kalo sehari mah btw aku ikutnya studi independen","1834854838431367294","","isekaiwarrior","in","","0","1","0","https://x.com/G0Pong/status/1834854838431367294","1566016086298218496","G0Pong"
"1834796210994970758","Sat Sep 14 06:12:13 +0000 2024","7","@marsyah___ @UTmenfess ini aku pernah share pengalaman ikut studi independen dengan mitra RevoU nanti bisa dipilih aja bidang yg diminati apa. ada banyak kok tapi rata2 lebih ke teknologi https://t.co/82le89rGli pokoknya tiap semester baru kalo mau ikut wajib pantengin ignya kampus merdeka","1834837538730627554","","effervcent","in","","0","1","0","https://x.com/effervcent/status/1834837538730627554","1688003270","effervcent"
"1834796210994970758","Sat Sep 14 06:10:19 +0000 2024","144","@marsyah___ @UTmenfess tinggal daftar aja kak di situs kampusmerdeka pantengin ignya https://t.co/boG3eAsgwP buat cara dan info lainnya. durasi programnya 1 semester. nnti pilih mau magang studi independen iisma atau kampus mengajar. aku pribadi ikut stupen. ada seleksinya ya jd nnt pilih mitra","1834837062102687816","","marsyah___","in","","2","1","39","https://x.com/effervcent/status/1834837062102687816","1688003270","effervcent"
"1827698762535383081","Fri Sep 13 18:00:05 +0000 2024","0","@llypoppp_ @worksfess mjb kak ini studi independen msib kah? bukannya dari situ banyak porto dan sertifnya ya?","1834653290870850014","","llypoppp_","in","tf.keras.layers.Dense","0","1","0","https://x.com/cruisedkidd/status/1834653290870850014","1479848969396129793","cruisedkidd"
"1834535439828721682","Fri Sep 13 10:11:47 +0000 2024","0","(APRESIASI PUBLIK) Kami Badan Pengurus Harian HIMIA FISIP UMJ mengucapkan Selamat dan Sukses kepada Saila Mahfira Prodi Ilmu Administrasi Publik Lolos di Citiasia. Inc sebagai Mahasiswa Magang dan Studi Independen Bersertifikat (MSIB) #KONTRIBUSIBERMANFAAT #HIMIAGOPUBLIC https://t.co/XUMkQX9ruK","1834535439828721682","https://pbs.twimg.com/media/GXWUQagboAAj_kb.jpg","","in","","0","0","0","https://x.com/Himiaumj/status/1834535439828721682","1568539775065550848","Himiaumj"
"1834492750416478686","Fri Sep 13 07:22:09 +0000 2024","1","so far studi independen di citiasia seru sih","1834492750416478686","","","in","","0","0","0","https://x.com/swanniest/status/1834492750416478686","1292817347581894656","swanniest"
"1834469009758257389","Fri Sep 13 05:47:49 +0000 2024","0","[MAHASISWA BERPRESTASI] Selamat untuk 1. Anjali Nurizki Putri (MRL 21) 2. Amanda Rara Prameswari (MRL 21) 3. Alifia Nurfathi Sofyan (MRL 21) telah lolos Magang dan Studi Independen Bersertifikat (MSIB) Batch 7 https://t.co/l9DvefWyPa","1834469009758257389","https://pbs.twimg.com/media/GXVX1mracAAjb53.jpg","","in","Bumi Siliwangi Bandung","0","1","0","https://x.com/mrl_upi/status/1834469009758257389","235234577","mrl_upi"
"1834449932981600275","Fri Sep 13 04:32:01 +0000 2024","0","Bismillah yok bisa yok menghadapi semester 7 dengan pkl studi independen laporan ang ang ang ang ‚Äç‚ÜïÔ∏è","1834449932981600275","","","in","markren üíö","0","0","0","https://x.com/jjaeraarend_/status/1834449932981600275","1115843773626507264","jjaeraarend_"
"1834410217884561828","Fri Sep 13 01:54:12 +0000 2024","0","(APRESIASI PUBLIK) Kami Badan Pengurus Harian HIMIA FISIP UMJ mengucapkan Selamat dan Sukses kepada Reggy Zulhamzah Prodi Ilmu Administrasi Publik Lolos di Bank BTPN sebagai Mahasiswa Lolos Magang dan Studi Independen Bersertifikat (MSIB). #KONTRIBUSIBERMANFAAT #HIMIAGOPUBLIC https://t.co/ZYGdRylqeJ","1834410217884561828","https://pbs.twimg.com/media/GXUiXg_akAAHnxI.jpg","","in","","0","0","0","https://x.com/Himiaumj/status/1834410217884561828","1568539775065550848","Himiaumj"
"1834244349401694433","Thu Sep 12 14:55:06 +0000 2024","169","24 sks ngasdos laporan studi independen pengmas pameran bisnis commis panit https://t.co/p3rRt3cgT7","1834244349401694433","https://pbs.twimg.com/media/GXSLgw-akAEbtzU.jpg","","in","BDG, INA","9","6","5","https://x.com/heniloenar/status/1834244349401694433","1078706594760642568","heniloenar"
"1833659968685572397","Wed Sep 11 00:12:58 +0000 2024","0","Selasa 10 September 2024 Kepala Seksi Perlindungan Hutan dan Pemberdayaan Masyarakat mewakili UPTD KPH Kelara Arfiudin turut serta dalam rapat daring melalui Zoom dalam rangka Program Magang Studi Independen Bersertifikat (MSIB) JALAN MAPAN Perhutanan Sosial. https://t.co/kxyNL4TUhW","1833659968685572397","https://pbs.twimg.com/media/GXJ4A8YbQAAHQWc.jpg","","in","Kota Makassar","0","0","0","https://x.com/DLHKPROVSULSEL/status/1833659968685572397","1793501935305420800","DLHKPROVSULSEL"
"1833468519562039706","Tue Sep 10 11:36:27 +0000 2024","0","@kementan Melalui kegiatan Magang &amp; Studi Independen Bersertifikat (MSIB) program ini fokus pada integrasi manajemen agribisnis &amp; korporasi Tujuannya adalah untuk mendorong peningkatan produktivitas &amp; daya saing petani dengan cara membentuk kelembagaan ekonomi yg berbasis korporasi","1833469583514341860","","dpkppandeglang","in","Pandeglang, Indonesia","0","0","0","https://x.com/dpkppandeglang/status/1833469583514341860","4716748892","dpkppandeglang"
"1833035623638380939","Mon Sep 09 06:52:03 +0000 2024","0","Program Studi Independen Bersertifikat (SIB) Mandiri NF Academy Pilihan Topik Program: Digital Marketing Data Science (Codeless) Fullstack Web Development Mobile App Developer Periode Belajar: 23 September - 31 Desember 2024 ‚è∞ Batas Pendaftaran: 9 September 2024 #UMS https://t.co/cF6GR7AO1K","1833035623638380939","https://pbs.twimg.com/media/GXBALrmbIAAMzBQ.jpg","","in","Surakarta, Jawa Tengah","0","0","0","https://x.com/io_ums_official/status/1833035623638380939","1491234415686553602","io_ums_official"
"1832992651110756716","Mon Sep 09 04:01:19 +0000 2024","0","PROGRAM STUDI INDEPENDEN MANDIRI PUBLIC BOOTCAMP EXTENSIVE Jangan salah pilih paket pastikan yang kamu pilih yang ada benefit konversi SKSnya ya! Tapi kalau mau belajar aja juga boleh kok. Detail program: https://t.co/wWtSQ7QDPS Pendaftaran: https://t.co/sMV9z4C0EE https://t.co/A9s7izrByD","1832992656001261722","https://pbs.twimg.com/media/GXAYZjvawAAny0z.jpg","startupcampusid","in","","0","0","0","https://x.com/startupcampusid/status/1832992656001261722","1620637888529727490","startupcampusid"
"1832918102989738458","Sun Sep 08 23:11:39 +0000 2024","0","@convomf pagii orientasi sebelum mulai studi independen","1832919761870872998","","convomf","in","room 11","0","0","0","https://x.com/tulisananin/status/1832919761870872998","1828282917665284096","tulisananin"
"1832806644302156092","Sun Sep 08 15:42:10 +0000 2024","0","Selamat dan Sukses Atas Selesainya Program MBKM Magang dan Studi Independen Bersertifikat (MSIB) Studi Independen Semoga dengan ini banyak mahasiswa yang termotivasi dan ingin ikut berpartisipasi dalam Program MBKM untuk periode¬†selanjutnya #tekniksipilumm #ftumm #umm https://t.co/nZ3VvYv1yk","1832806644302156092","https://pbs.twimg.com/media/GW9v0AwakAANjbJ.jpg","","in","","0","0","0","https://x.com/sipilumm/status/1832806644302156092","1675882074774044672","sipilumm"
"1832764261837210080","Sun Sep 08 12:53:45 +0000 2024","0","mulai besok studi independen aku cuma mau ngomong SINI LO BANGKIT MACHINE LEARNING AKU GAK TAKUT AKU PUNYA ALLAH ","1832764261837210080","","","in","","0","0","0","https://x.com/kamugakjelasyah/status/1832764261837210080","1207284962887491584","kamugakjelasyah"
"1832752883634479152","Sun Sep 08 12:08:33 +0000 2024","2","Program Magang dan Studi Independen Bersertifikat (MSIB) merupakan program persiapan karier bagi mahasiswa untuk belajar di dunia industri dengan jaminan konversi SKS Seperti apa ya kisah keseruan mahasiswa FEB UI yang mengikuti program MSIB? Yuk simak! https://t.co/EEL0hniN9o","1832752883634479152","https://pbs.twimg.com/media/GW8_B7zbEAEvT65.jpg","","in","Faculty of Economics and Busin","0","1","0","https://x.com/HumasFEBUI/status/1832752883634479152","122000678","HumasFEBUI"
"1832631590788415544","Sun Sep 08 04:06:34 +0000 2024","0","yg kemarin pernah ikut studi independen msib batch kemarin selama periode berlangsung itu full online kan ya? atau masih ada keperluan gitu ke kampus buat ngurus sesuatu?","1832631590788415544","","","in","paris, texas","0","0","0","https://x.com/carrravaggio/status/1832631590788415544","826321374775910401","carrravaggio"
"1832062741114405110","Sat Sep 07 14:55:36 +0000 2024","17"," Semester 5-6 coba mencari unpaid internship hingga paid internship di top perusahaan rekomendasi paid internship bisa mengikuti program MBKM yaitu MSIB (Magang &amp; Studi Independen Bersertifikat) karena dapat gaji 2.8 jt per bulan. MSIB hanya bisa diikuti max 2x/mahasiswa https://t.co/NxqP6lCRjJ","1832432537068826765","https://pbs.twimg.com/media/GW4brPebMAACGY8.jpg","fatepluffy","in","","0","1","1","https://x.com/fatepluffy/status/1832432537068826765","1450111829993082891","fatepluffy"
"1832028364707975176","Fri Sep 06 12:13:54 +0000 2024","0","@gnispilce aku stres melihat temenku yg post magang dan studi independen dari msibak blom dpt tempat magang","1832029454794994153","","momxilonen","in","21 ! ","0","0","0","https://x.com/archonemo/status/1832029454794994153","1430298749989834754","archonemo"
"1832026071266480424","Fri Sep 06 12:00:27 +0000 2024","1","Suasana kantor https://t.co/4GUctbGo3e hari ini berbeda dari biasanya sebanyak 20 Mahasiswa Magang dan Studi Independen Bersertifikat (MSIB) angkatan 7 dari Program Kampus Merdeka hadir untuk memulai petualangan baru mereka di dunia industri media Jumat 6 September 2024 https://t.co/0Gh1EKz0jl","1832026071266480424","https://pbs.twimg.com/media/GWyp--gWkAAy2Ue.jpg","","in","","0","0","0","https://x.com/VIVAcoid/status/1832026071266480424","41730943","VIVAcoid"
"1831278956538126751","Wed Sep 04 11:01:46 +0000 2024","0","@dunnoiamm dari zenius waktu ituu yg studi independen gt. waah okey thanks infonyaa meng","1831286528850776437","","dunnoiamm","in","my emotional chamber","0","1","0","https://x.com/drafthugs/status/1831286528850776437","1387025900659625989","drafthugs"
"1831181425275793777","Wed Sep 04 04:04:08 +0000 2024","0","Guys ada yang ambil msib di bitlabs &amp; udah masuk grupnya blm? tag: MSIB Batch 7 MSIB Bitlabs Studi independen","1831181425275793777","","","in","","0","2","0","https://x.com/maujadigamada/status/1831181425275793777","1161598632493113344","maujadigamada"
"1830620116884828416","Mon Sep 02 14:53:44 +0000 2024","1","Pada pertemuan ini pihak USK menyampaikan program magang mahasiswa yang akan di tempatkan di KIP Aceh dalam rentang waktu yang telah ditentukan hal ini guna memberikan kesempatan kepada mahasiswa mendapatkan pengalaman praktis di lapangan kerja sesuai dengan bidang studi.","1830620127164874842","","KIP_Aceh","in","Aceh, Indonesia","0","0","1","https://x.com/KIP_Aceh/status/1830620127164874842","2421735780","KIP_Aceh"
"1830531458965868848","Mon Sep 02 09:01:24 +0000 2024","1","msib batch 7 ada yang ambil studi independen (stupen) di bitlabs future tech talent?","1830531458965868848","","","in","Kota Yogyakarta, Yogyakarta","0","1","0","https://x.com/penalpukat/status/1830531458965868848","1193021818417774593","penalpukat"
"1830420851134758924","Mon Sep 02 01:41:53 +0000 2024","0","Open joki tugas laporan magang dan studi independen. Dikerjakan oleh alumni magang dan studi independen kampus merdeka langsung. Tanya-tanya dulu jg boleh bgt ya langsung WA di bio #jokijurnal #jokimakalah #jokitugas #ZonaBA #Zonajajan #zonauang·Ö†·Ö†·Ö†","1830420851134758924","","","in","","0","0","0","https://x.com/matchachwann/status/1830420851134758924","1329075392670416898","matchachwann"
"1830398267856937412","Mon Sep 02 01:21:26 +0000 2024","0","@heyimanii itu lolos program msib kak (magang studi independen) program mbkm nya pemerintah","1830415704866320438","","heyimanii","in","unknown","0","0","0","https://x.com/br0wniscoqlatt/status/1830415704866320438","1097071850641809408","br0wniscoqlatt"
"1830212270502363182","Sun Sep 01 11:53:14 +0000 2024","1","Maretza Dwi Daniati (angkatan 2022) atas lolosnya pada program Magang dan Studi Independen Bersertifikat (MSIB) Batch 7 Merdeka Belajar Kampus Merdeka https://t.co/CwNLIkonrX","1830212317369475508","https://pbs.twimg.com/media/GWY4Z0aaQAAxcfV.jpg","untirtahimatika","in","Serang , Banten ","0","1","0","https://x.com/untirtahimatika/status/1830212317369475508","514373551","untirtahimatika"
"1830212270502363182","Sun Sep 01 11:53:10 +0000 2024","0","Septiana Permata Noor (angkatan 2022) atas lolosnya pada program Kampus Mengajar (KM) Akt. 8 Merdeka Belajar Kampus Merdeka Muhammad Septiandi (angkatan 2022) atas lolosnya pada program Magang dan Studi Independen Bersertifikat (MSIB) Batch 7 Merdeka Belajar Kampus Merdeka https://t.co/3xTn5YkkUt","1830212298293825931","https://pbs.twimg.com/media/GWY4Yf6b0AAorZ8.jpg","untirtahimatika","in","Serang , Banten ","0","1","0","https://x.com/untirtahimatika/status/1830212298293825931","514373551","untirtahimatika"
"1830204280974041327","Sun Sep 01 11:21:18 +0000 2024","1","krn kmrn aku lolos program studi independen MSIB batch 7 jadi semester 5 ini aku kuliahnya 90% online. soo ak akan kembali aktif menjadi mba open jasa lettering jasa tulis jasa mind mapping preloved make up/skincare/dsb. dan mungkin bakal nyoba open jasa desain??? hahaha","1830204280974041327","","","in","","1","1","0","https://x.com/yawzney/status/1830204280974041327","1356250926252613639","yawzney"
